Name,Url,Star Count,Fork Count
security-checker,https://github.com/sensiolabs/security-checker,2030,125
dontbug,https://github.com/sidkshatriya/dontbug,708,17
sulu-standard,https://github.com/sulu/sulu-standard,628,113
libsodium-php,https://github.com/jedisct1/libsodium-php,532,71
lnmp,https://github.com/khs1994-docker/lnmp,483,106
fullycms,https://github.com/sseffa/fullycms,470,193
easy-deploy-bundle,https://github.com/EasyCorp/easy-deploy-bundle,468,98
laravel-helpers,https://github.com/sebastiaanluca/laravel-helpers,420,26
Symfony-coding-standard,https://github.com/djoos/Symfony-coding-standard,390,103
laravel-vue-admin,https://github.com/SmallRuralDog/laravel-vue-admin,382,65
yii2-docker,https://github.com/yiisoft/yii2-docker,329,185
php-package-template,https://github.com/ergebnis/php-package-template,268,23
PHP,https://github.com/wuleying/PHP,237,125
android-market-api-php,https://github.com/koconder/android-market-api-php,237,82
bitcoin.php,https://github.com/dryphp/bitcoin.php,228,118
PHP-Auto-Update,https://github.com/VisualAppeal/PHP-Auto-Update,225,69
food-ordering-system,https://github.com/haxxorsid/food-ordering-system,201,158
php-msf-docs,https://github.com/pinguo/php-msf-docs,192,59
base62,https://github.com/tuupola/base62,167,17
PHPStamp,https://github.com/shadz3rg/PHPStamp,155,33
ELECTRON-4-PHP,https://github.com/aj-techsoul/ELECTRON-4-PHP,152,35
themes,https://github.com/phpmyadmin/themes,147,132
nocolor,https://github.com/VKCOM/nocolor,133,2
GamePanelX-V3,https://github.com/devryan/GamePanelX-V3,128,92
publisher,https://github.com/Laravel-Lang/publisher,123,12
php-serialize,https://github.com/jqr/php-serialize,121,53
php-rpm,https://github.com/hjr3/php-rpm,115,12
jwt,https://github.com/psecio/jwt,111,14
webcomic,https://github.com/mgsisk/webcomic,108,29
TieBaRobot,https://github.com/giuem/TieBaRobot,107,68
Zebra_Database,https://github.com/stefangabos/Zebra_Database,105,37
ComurImageBundle,https://github.com/comur/ComurImageBundle,104,77
weapp_wechat_miniapp_sdk,https://github.com/kulokai/weapp_wechat_miniapp_sdk,101,28
text-similarity-php,https://github.com/xiaobeicn/text-similarity-php,93,50
array_group_by,https://github.com/jakezatecky/array_group_by,92,15
php-mysql-crud,https://github.com/FaztWeb/php-mysql-crud,88,74
wtcms,https://github.com/taosir/wtcms,85,41
simplevk,https://github.com/digitalstars/simplevk,84,25
php-fhir,https://github.com/dcarbone/php-fhir,82,32
SonataFormatterBundle,https://github.com/sonata-project/SonataFormatterBundle,79,112
symfony-ddd-skeleton,https://github.com/yceruto/symfony-ddd-skeleton,77,15
varbase,https://github.com/Vardot/varbase,75,46
gopay-php-api,https://github.com/gopaycommunity/gopay-php-api,70,37
eloquent-versioning,https://github.com/ProAI/eloquent-versioning,70,24
stakkr,https://github.com/stakkr-org/stakkr,70,20
SSLCommerz-Laravel,https://github.com/sslcommerz/SSLCommerz-Laravel,69,58
etsy-php,https://github.com/inakiabt/etsy-php,67,61
MongoDB-PHP-GUI,https://github.com/SamuelTallet/MongoDB-PHP-GUI,66,22
swoft-framework,https://github.com/swoft-cloud/swoft-framework,65,39
laravel-starter,https://github.com/luckyhacking/laravel-starter,65,18
DrupalDriver,https://github.com/jhedstrom/DrupalDriver,62,87
authorization,https://github.com/cakephp/authorization,60,39
drupal8-vagrant,https://github.com/thom8/drupal8-vagrant,60,6
deployer-php-action,https://github.com/atymic/deployer-php-action,56,12
phactor,https://github.com/tpunt/phactor,56,3
php-panel-v2,https://github.com/znixbtw/php-panel-v2,55,20
littlelink-admin,https://github.com/khashayarzavosh/littlelink-admin,54,12
nur,https://github.com/izniburak/nur,54,6
CPT-Bootstrap-Carousel,https://github.com/ewels/CPT-Bootstrap-Carousel,51,41
tiktok-php,https://github.com/RobertGrubb/tiktok-php,51,21
freelancers-market,https://github.com/m-elewa/freelancers-market,50,39
vueManage,https://github.com/codedart2018/vueManage,46,14
phpfuncs,https://github.com/serkanalgur/phpfuncs,46,6
sendgrid-mailer,https://github.com/symfony/sendgrid-mailer,45,10
cszcms,https://github.com/cskaza/cszcms,44,47
bearframework,https://github.com/bearframework/bearframework,43,9
MinkZombieDriver,https://github.com/minkphp/MinkZombieDriver,41,51
sms,https://github.com/softon/sms,41,27
php-imageoptim-api,https://github.com/ImageOptim/php-imageoptim-api,41,7
hacktoberfest,https://github.com/PHPRio/hacktoberfest,39,8
paris-2022-talks,https://github.com/SymfonyLive/paris-2022-talks,39,4
processwire-dashboard,https://github.com/daun/processwire-dashboard,39,2
yii2-react,https://github.com/bTokman/yii2-react,38,11
biskuit,https://github.com/biskuitorg/biskuit,37,13
drupal8-oop,https://github.com/david-hernandez/drupal8-oop,37,10
robots-txt-parser,https://github.com/bopoda/robots-txt-parser,36,18
intl-icu-data-tables,https://github.com/samdark/intl-icu-data-tables,36,6
Doctor-Appointment,https://github.com/divScorp/Doctor-Appointment,34,22
pusher,https://github.com/php-api-clients/pusher,33,8
graphpinator,https://github.com/infinityloop-dev/graphpinator,33,6
rw-acme-client,https://github.com/RogierW/rw-acme-client,33,5
pdo-mysql-login-register,https://github.com/mdobydullah/pdo-mysql-login-register,32,21
pterodactyl-sdk,https://github.com/hcgcloud/pterodactyl-sdk,27,22
Online-Movie-Ticket-Booking-Script-Free,https://github.com/vydyas/Online-Movie-Ticket-Booking-Script-Free,27,11
stampie-bundle,https://github.com/Stampie/stampie-bundle,26,5
ecommerce-api,https://github.com/leifermendez/ecommerce-api,25,10
php,https://github.com/fistlab/php,25,4
Mini-Social-Media,https://github.com/jamesgeorge007/Mini-Social-Media,24,9
Less-Reloaded,https://github.com/man4toman/Less-Reloaded,24,5
easy-google-drive-api-php,https://github.com/dharmin/easy-google-drive-api-php,23,25
HomoChecker,https://github.com/chitoku-k/HomoChecker,23,2
druact,https://github.com/gnikolovski/druact,22,10
faxplus-php,https://github.com/alohi/faxplus-php,22,8
Lightweight-PHP-Framework-For-Web-and-APIs,https://github.com/Yusfuu/Lightweight-PHP-Framework-For-Web-and-APIs,22,4
TraversyMVC,https://github.com/Aivirth/TraversyMVC,21,21
Meow-Chat,https://github.com/MeowCat-Studio/Meow-Chat,20,3
content-aware-sidebars,https://github.com/intoxstudio/content-aware-sidebars,20,3
rock-symphony,https://github.com/rock-symphony/rock-symphony,20,3
PHP-Drupal-CI,https://github.com/geerlingguy/PHP-Drupal-CI,19,4
laravel-binlog,https://github.com/telanflow/laravel-binlog,19,3
SurfSocks,https://github.com/Incognito-Coder/SurfSocks,18,5
graphql-gutenblock-example,https://github.com/wp-graphql/graphql-gutenblock-example,17,5
LC-update-notifier,https://github.com/LCweb-ita/LC-update-notifier,17,2
hawk.php,https://github.com/codex-team/hawk.php,17,1
custom_from,https://github.com/r3c/custom_from,16,12
phln,https://github.com/baethon/phln,16,2
managed-edition,https://github.com/contao/managed-edition,15,12
codeigniter_ecommerce,https://github.com/agabardo/codeigniter_ecommerce,15,10
annotation-cache-bundle,https://github.com/eMAGTechLabs/annotation-cache-bundle,15,6
Simple-PHP-Soap-Service,https://github.com/modernfidelity/Simple-PHP-Soap-Service,15,5
juggler,https://github.com/upfor/juggler,15,3
net,https://github.com/Fuwn/net,13,6
appgini-customization-cookbook,https://github.com/bigprof-software/appgini-customization-cookbook,13,5
symfony-schedule-bundle,https://github.com/m-adamski/symfony-schedule-bundle,13,2
deepl-api-connector,https://github.com/SC-Networks/deepl-api-connector,12,12
node-php-fpm,https://github.com/ivanfilhoz/node-php-fpm,12,10
bpost-address-webservice,https://github.com/spatie/bpost-address-webservice,12,9
LiipSoapRecorderBundle,https://github.com/liip/LiipSoapRecorderBundle,12,4
estonianpin,https://github.com/lkallas/estonianpin,12,2
LemonsJ,https://github.com/gitxjl/LemonsJ,12,2
qrcode-demo,https://github.com/aisuhua/qrcode-demo,11,7
LoginRegisterExample,https://github.com/aniketkatkar/LoginRegisterExample,11,7
bkfa,https://github.com/damminhtien/bkfa,11,5
WEBSITE,https://github.com/easyphp/WEBSITE,11,4
php-vw-car-net,https://github.com/thomasesmith/php-vw-car-net,11,3
cfdi-xslt,https://github.com/Kinedu/cfdi-xslt,11,1
php_koans,https://github.com/akoebbe/php_koans,10,12
image,https://github.com/contao/image,10,5
random-password-generator,https://github.com/eftakhairul/random-password-generator,10,4
wp-digest.com,https://github.com/mihdan/wp-digest.com,10,3
IdCenterSender-so,https://github.com/whiteCcinn/IdCenterSender-so,10,3
BasicApiBundle,https://github.com/CondeNastDigitalRU/BasicApiBundle,10,2
khude-barta,https://github.com/arman-bd/khude-barta,10,2
util4p,https://github.com/newnius/util4p,10,1
Library-Management-System,https://github.com/SatyamSoni23/Library-Management-System,10,1
php-inotify-monitor,https://github.com/idimsh/php-inotify-monitor,10,1
felicio,https://github.com/geekcom/felicio,10,1
textsnippet,https://github.com/swisnl/textsnippet,10,1
schema-builder,https://github.com/cycle/schema-builder,9,12
php-ajax-login,https://github.com/reyven90/php-ajax-login,9,7
formz,https://github.com/romm/formz,9,6
dir2json,https://github.com/Darkseal/dir2json,9,5
My-Post-Android-App-And-Admin-Panel,https://github.com/Dinesh2510/My-Post-Android-App-And-Admin-Panel,9,3
phone-directory,https://github.com/tauseedzaman/phone-directory,9,2
aeneria-app,https://github.com/aeneria/aeneria-app,9,1
lemon-framework,https://github.com/chanywn/lemon-framework,9,1
charts-block,https://github.com/thisissandip/charts-block,9,1
wordpress,https://github.com/jelastic-jps/wordpress,8,35
Nature_Beauty,https://github.com/Surajbokde/Nature_Beauty,8,28
exibir-campos-personalizados,https://github.com/opencartbrasil/exibir-campos-personalizados,8,14
Laravel-Youtube-Api-3,https://github.com/ajitdas123/Laravel-Youtube-Api-3,8,8
sspanel,https://github.com/sunben/sspanel,8,8
flbw,https://github.com/flavienbwk/flbw,8,7
pascal_bcrypt,https://github.com/hiraethbbs/pascal_bcrypt,8,7
Income-Expense-Manager,https://github.com/alshoja/Income-Expense-Manager,8,7
FrontKanban,https://github.com/notrinos/FrontKanban,8,6
php-google-tts-example,https://github.com/francescomalatesta/php-google-tts-example,8,6
php-murmurhash,https://github.com/rryqszq4/php-murmurhash,8,6
MultiLevelMenu,https://github.com/jdriesen/MultiLevelMenu,8,6
pjlink,https://github.com/multiOTP/pjlink,8,5
mastercrud,https://github.com/atk4/mastercrud,8,5
modxFastRouter,https://github.com/vanchelo/modxFastRouter,8,5
LaravelTracker,https://github.com/ARCANEDEV/LaravelTracker,8,4
ZYaller,https://github.com/ZYallers/ZYaller,8,4
http-signature,https://github.com/jasny/http-signature,8,4
social-media-aggregator-bundle,https://github.com/milosa/social-media-aggregator-bundle,8,4
Piscine-PHP,https://github.com/mdubus/Piscine-PHP,8,4
igfeedliker,https://github.com/auliaahmad165/igfeedliker,8,4
ItemCF-php,https://github.com/owenliang/ItemCF-php,8,4
php-json-path,https://github.com/remorhaz/php-json-path,8,3
kata-quickstarter,https://github.com/teamneusta/kata-quickstarter,8,3
khofo,https://github.com/khofaai/khofo,8,3
rocket-chat-notifier,https://github.com/symfony/rocket-chat-notifier,8,3
scarlet,https://github.com/liu599/scarlet,8,3
dataclass,https://github.com/rutek/dataclass,8,3
adminaut,https://github.com/adminaut/adminaut,8,2
QuickCommunity,https://github.com/halojoy/QuickCommunity,8,2
VLThemes-Add-Custom-Fonts-To-Kirki,https://github.com/vlthemes/VLThemes-Add-Custom-Fonts-To-Kirki,8,2
nyaa-ddl,https://github.com/z7i/nyaa-ddl,8,2
php-hooks,https://github.com/tommy-muehle/php-hooks,8,2
Stats_Rust,https://github.com/WhiteAssassins/Stats_Rust,8,2
cakephp-cms,https://github.com/QoboLtd/cakephp-cms,8,2
AS_MS17-010_Scan,https://github.com/Medicean/AS_MS17-010_Scan,8,2
scripture,https://github.com/aviraltandon21/scripture,8,2
intercom,https://github.com/mediumart/intercom,8,1
laractive-admin,https://github.com/enomotodev/laractive-admin,8,1
pingpong_socket,https://github.com/faridfr/pingpong_socket,8,1
YO-CAB,https://github.com/zainthecoder/YO-CAB,8,1
webman-event,https://github.com/Tinywan/webman-event,8,1
toko-app,https://github.com/fauzan1892/toko-app,8,1
Prefab,https://github.com/neighborhoods/Prefab,8,1
dnmp,https://github.com/miaoquna/dnmp,8,1
RSSifier,https://github.com/oliveratgithub/RSSifier,8,1
Multive,https://github.com/roufy235/Multive,8,1
webman-permission,https://github.com/php-casbin/webman-permission,8,1
Np,https://github.com/ghostjat/Np,8,1
redistree,https://github.com/mmeyer2k/redistree,8,1
Volta,https://github.com/azuyalabs/Volta,8,1
php-linode-api,https://github.com/hnhdigital-os/php-linode-api,8,1
simpleid-yubikey,https://github.com/neverpanic/simpleid-yubikey,8,1
sse-chat-example,https://github.com/lcherone/sse-chat-example,8,1
peculiar,https://github.com/r15ch13/peculiar,8,1
php-event-sourcing-demo,https://github.com/keithmifsud/php-event-sourcing-demo,8,1
docker-scripts,https://github.com/EpicMorg/docker-scripts,8,1
AndroidWorkShop,https://github.com/Moeinh77/AndroidWorkShop,8,1
Notification,https://github.com/AJ3600/Notification,7,14
Truth-OR-Dare-Game,https://github.com/vinitshahdeo/Truth-OR-Dare-Game,7,9
e_learn,https://github.com/HarshGundecha/e_learn,7,9
reactphp-http-middleware-webroot-preload,https://github.com/WyriHaximus/reactphp-http-middleware-webroot-preload,7,8
yii2-shop-demo,https://github.com/avs123a/yii2-shop-demo,7,7
phpSendMail,https://github.com/anicetkeric/phpSendMail,7,7
dokuwiki-plugin-farmer,https://github.com/cosmocode/dokuwiki-plugin-farmer,7,6
wabot-web,https://github.com/MaiaVinicius/wabot-web,7,6
crawler,https://github.com/libbit702/crawler,7,6
PEARX,https://github.com/phpbrew/PEARX,7,6
minecraft-achievement-generator,https://github.com/menzerath/minecraft-achievement-generator,7,5
lodestone-php,https://github.com/viion-misc/lodestone-php,7,5
learning,https://github.com/suvllian/learning,7,5
hubtel-laravel-sms-channel,https://github.com/Norris1z/hubtel-laravel-sms-channel,7,5
tableManager,https://github.com/Packet-Clearing-House/tableManager,7,5
haproxy-router,https://github.com/rethinkphp/haproxy-router,7,4
q2a-lang-ru,https://github.com/ferasinka/q2a-lang-ru,7,4
symfony-blog-part-1,https://github.com/auth0-blog/symfony-blog-part-1,7,4
bird-lg,https://github.com/subnetsRU/bird-lg,7,4
Money-Manager,https://github.com/Kuljeet-123/Money-Manager,7,4
coding-standards,https://github.com/bu-ist/coding-standards,7,4
millikart,https://github.com/The-Hasanov/millikart,7,3
churchtools-api,https://github.com/5pm-HDH/churchtools-api,7,3
nigatedev,https://github.com/nigatedev/nigatedev,7,3
planet4-plugin-blocks,https://github.com/greenpeace/planet4-plugin-blocks,7,3
modern-html5-boilerplate,https://github.com/ronilaukkarinen/modern-html5-boilerplate,7,3
gsuite-checker,https://github.com/irazasyed/gsuite-checker,7,3
aether,https://github.com/tumedia/aether,7,3
andreani-sdk-rest,https://github.com/alejoasotelo/andreani-sdk-rest,7,2
spk-kmeans,https://github.com/ipang-dwi/spk-kmeans,7,2
experimental-async-php-vol2,https://github.com/hollodotme/experimental-async-php-vol2,7,2
DropMVC,https://github.com/mkosir/DropMVC,7,2
PhpEcho,https://github.com/rawsrc/PhpEcho,7,1
typecho-theme-Mecho,https://github.com/WarnerYang/typecho-theme-Mecho,7,1
cte-builder,https://github.com/somnambulist-tech/cte-builder,7,1
simple-blog-php,https://github.com/neetjn/simple-blog-php,7,1
elementor-posts-widget-extended,https://github.com/seksitha/elementor-posts-widget-extended,7,1
wordpress-work,https://github.com/lahin31/wordpress-work,7,1
LightningPHP,https://github.com/integrii/LightningPHP,7,1
ehotels,https://github.com/chrispanag/ehotels,7,1
ArgoScuolaNext-API,https://github.com/NyaomiDEV/ArgoScuolaNext-API,7,1
naive-bayes,https://github.com/kholilrnm/naive-bayes,7,1
shaarli-custom-css,https://github.com/immanuelfodor/shaarli-custom-css,7,1
JiraStatusNotifier,https://github.com/Chemaclass/JiraStatusNotifier,7,1
sistema-acompanhamento-enchentes,https://github.com/RobertoDebarba/sistema-acompanhamento-enchentes,7,1
telegram-bot-api,https://github.com/steelbotfw/telegram-bot-api,7,1
php-polyfills,https://github.com/adhocore/php-polyfills,7,1
EmployeeRecruitmentSystem,https://github.com/krupalshah/EmployeeRecruitmentSystem,6,13
core,https://github.com/thegreenter/core,6,12
allegro-api,https://github.com/asocial-media/allegro-api,6,11
CompetencyMatrix,https://github.com/SharpMindsUA/CompetencyMatrix,6,11
ansible-role-docker-php,https://github.com/clouddrove/ansible-role-docker-php,6,10
HtmlDiffBundle,https://github.com/caxy/HtmlDiffBundle,6,10
Buckaroo-PHP-JSON,https://github.com/svennis94/Buckaroo-PHP-JSON,6,10
PHP-Kiyoh-API,https://github.com/JKetelaar/PHP-Kiyoh-API,6,9
zohobooks-api,https://github.com/opsway/zohobooks-api,6,9
frenet-php,https://github.com/FrenetGatewaydeFretes/frenet-php,6,9
php-mysql-apache-phpmyadmin-dockerized,https://github.com/ayoubbensakhria/php-mysql-apache-phpmyadmin-dockerized,6,7
dynadot-api,https://github.com/arturoleon/dynadot-api,6,7
glype,https://github.com/zhukangfeng/glype,6,7
Tutorial-PHP-Edition,https://github.com/CodewithSudeep/Tutorial-PHP-Edition,6,7
Xml,https://github.com/hoaproject/Xml,6,7
pubgapi,https://github.com/rkmaier/pubgapi,6,7
php-slugify,https://github.com/Pharaonic/php-slugify,6,7
msqur,https://github.com/nearwood/msqur,6,6
hello-wordpress-docker-circleci,https://github.com/onefastsnail/hello-wordpress-docker-circleci,6,6
Flash,https://github.com/felixdorn/Flash,6,6
hello-wordpress-docker-circleci,https://github.com/onefastsnail/hello-wordpress-docker-circleci,6,6
smpte.php,https://github.com/fireworkweb/smpte.php,6,5
alarm-dog-consumer,https://github.com/tal-tech/alarm-dog-consumer,6,5
user-authentication,https://github.com/nette-examples/user-authentication,6,5
OnyxDropper,https://github.com/DKOnyx/OnyxDropper,6,5
Convert-Trained-ML-Models-To-Native-Code,https://github.com/Davisy/Convert-Trained-ML-Models-To-Native-Code,6,4
termiiphp,https://github.com/Douglasokolaa/termiiphp,6,4
delphinx,https://github.com/Kuzuru/delphinx,6,4
DoAn_Web2,https://github.com/HoangTran0410/DoAn_Web2,6,4
images,https://github.com/ipublikuj-archive/images,6,4
ecurring-api-php,https://github.com/mooore-digital/ecurring-api-php,6,4
PHP-MySQL-File-upload,https://github.com/MarkxOBrian/PHP-MySQL-File-upload,6,4
dou-collector,https://github.com/LibreCodeCoop/dou-collector,6,4
dash-slimframework,https://github.com/pfefferle/dash-slimframework,6,4
framework,https://github.com/betephp/framework,6,4
MySimpleORM,https://github.com/anthonygauthier/MySimpleORM,6,4
m3u-content-parser,https://github.com/zikwall/m3u-content-parser,6,4
shmcache,https://github.com/WindomZ/shmcache,6,4
php-dynamic-sqlite,https://github.com/TangChr/php-dynamic-sqlite,6,4
deploy-laravel-nfs,https://github.com/bhirons/deploy-laravel-nfs,6,4
PHP7,https://github.com/PluginBOXone/PHP7,6,4
lunar-ecommerce,https://github.com/jorgeepena/lunar-ecommerce,6,4
pagemunch-php,https://github.com/PageMunch/pagemunch-php,6,3
fmRESTor.php,https://github.com/24u/fmRESTor.php,6,3
ArchetypeSonata,https://github.com/jordisala1991/ArchetypeSonata,6,3
behat-format-progress-fail,https://github.com/drevops/behat-format-progress-fail,6,3
Marine_Litter_Detective,https://github.com/MakerBay/Marine_Litter_Detective,6,3
centralized_fail2ban,https://github.com/Egregius/centralized_fail2ban,6,3
Steamlytics-SDK-PHP,https://github.com/waylaidwanderer/Steamlytics-SDK-PHP,6,3
php-output,https://github.com/zhanguangcheng/php-output,6,3
Curso_POO,https://github.com/bl00p1ng/Curso_POO,6,3
Curso_POO,https://github.com/bl00p1ng/Curso_POO,6,3
training-phpextensions,https://github.com/wkhayrattee/training-phpextensions,6,3
appgini-api,https://github.com/rafinhacarneiro/appgini-api,6,3
AvS_AdminNotificationAdvanced,https://github.com/avstudnitz/AvS_AdminNotificationAdvanced,6,3
Email-Manager-System,https://github.com/kirilkirkov/Email-Manager-System,6,3
sass-app,https://github.com/sass-team/sass-app,6,3
iugu-whmcs-pro,https://github.com/eunarede/iugu-whmcs-pro,6,3
phpqa,https://github.com/edmondscommerce/phpqa,6,2
telegram-stickeroptimizer,https://github.com/Lukasss93/telegram-stickeroptimizer,6,2
eagle,https://github.com/parvin92/eagle,6,2
webstreamer,https://github.com/OliverLeitner/webstreamer,6,2
dot-net-json-date-formatter,https://github.com/webapix/dot-net-json-date-formatter,6,2
antlrphpruntime,https://github.com/Smarre/antlrphpruntime,6,2
PHP-SRTM,https://github.com/bobosola/PHP-SRTM,6,2
blogger,https://github.com/yugo412/blogger,6,2
spark,https://github.com/kigsmtua/spark,6,2
google-closure-compiler,https://github.com/Machy8/google-closure-compiler,6,2
blogger,https://github.com/yugo412/blogger,6,2
numbered-string-order,https://github.com/awssat/numbered-string-order,6,2
fuel-jobqueue,https://github.com/hosopy/fuel-jobqueue,6,2
pimf-vanilla,https://github.com/gjerokrsteski/pimf-vanilla,6,2
Oddbrew_MailViewer,https://github.com/OddBrew/Oddbrew_MailViewer,6,2
aliyun_ddns,https://github.com/mrtian2016/aliyun_ddns,6,1
aliyun_ddns,https://github.com/mrtian2016/aliyun_ddns,6,1
demo-pms-v2,https://github.com/SirajulMostafa/demo-pms-v2,6,1
RealWorldPHP,https://github.com/johannesl/RealWorldPHP,6,1
action-phpinsights,https://github.com/Novusvetus/action-phpinsights,6,1
levenshtein,https://github.com/GordonLesti/levenshtein,6,1
yubikey-class-php,https://github.com/multiOTP/yubikey-class-php,6,1
summerframework,https://github.com/julianjupiter/summerframework,6,1
my-mine,https://github.com/devmakerlab/my-mine,6,1
asenkron-php-demo,https://github.com/hdogan/asenkron-php-demo,6,1
aws-lambda-layer-php73,https://github.com/umutc/aws-lambda-layer-php73,6,1
request-body-bundle,https://github.com/paveldanilin/request-body-bundle,6,1
School-Management-System,https://github.com/AhmedIssa11/School-Management-System,6,1
L5R-Roller,https://github.com/NiklasBr/L5R-Roller,6,1
remote-environments,https://github.com/madduci/remote-environments,6,1
mmfont,https://github.com/setkyar/mmfont,6,1
api,https://github.com/costs-to-expect/api,6,1
CompoLab,https://github.com/bricev/CompoLab,6,1
api,https://github.com/costs-to-expect/api,6,1
soliphp,https://github.com/ueaner/soliphp,6,1
slim-angular,https://github.com/fmunoz92/slim-angular,6,1
sitescrapper,https://github.com/manofstrong/sitescrapper,6,1
mastodon-api,https://github.com/BaguettePHP/mastodon-api,6,1
cekmutasi-laravel,https://github.com/trijayadigital/cekmutasi-laravel,6,1
dbd-php-entity,https://github.com/Falseclock/dbd-php-entity,6,1
joiner,https://github.com/drinksandco/joiner,6,1
starter-skeleton,https://github.com/contributte/starter-skeleton,6,1
laravel-queues,https://github.com/NtimYeboah/laravel-queues,6,1
php-concurrent-image-resize-service,https://github.com/andreiavrammsd/php-concurrent-image-resize-service,6,1
kickstart,https://github.com/mrcgrtz/kickstart,6,1
set-fav-icon,https://github.com/eftakhairul/set-fav-icon,6,1
mailer,https://github.com/duncan3dc/mailer,6,1
CompoLab,https://github.com/bricev/CompoLab,6,1
Core,https://github.com/phpMussel/Core,5,4
etec-tectok-teclados,https://github.com/luisfelipesdn12/etec-tectok-teclados,5,3
User-Account-Sign-up-and-Sign-in,https://github.com/MusheAbdulHakim/User-Account-Sign-up-and-Sign-in,5,2
php-event-dispatcher,https://github.com/devcoder-xyz/php-event-dispatcher,5,1
cms,https://github.com/coffeecms/cms,5,1
sql-anywhere-client,https://github.com/cagartner/sql-anywhere-client,4,11
h5p-bundle,https://github.com/Emmedy/h5p-bundle,4,8
dailyShop,https://github.com/pyxploiter/dailyShop,4,8
docker-lamp,https://github.com/andreipa/docker-lamp,4,5
CodeIgniter-Ajax-Search,https://github.com/Nsima/CodeIgniter-Ajax-Search,4,4
cek-ongkir,https://github.com/hajirodeon/cek-ongkir,4,4
Online-Bookshop-with-laravel,https://github.com/tahmid-ni7/Online-Bookshop-with-laravel,4,4
convert-accent-characters,https://github.com/rap2hpoutre/convert-accent-characters,4,3
esendex-notifier,https://github.com/symfony/esendex-notifier,4,3
dandomain-api,https://github.com/loevgaard/dandomain-api,4,3
FfsNodeAlarm,https://github.com/Philhil/FfsNodeAlarm,4,3
php_nml,https://github.com/nelson6e65/php_nml,4,3
gitodin-php-client,https://github.com/GitOdin-Official/gitodin-php-client,4,3
open-genes-cms,https://github.com/open-genes/open-genes-cms,4,2
rpi-php,https://github.com/Tob1asDocker/rpi-php,4,2
sysgenad,https://github.com/bjverde/sysgenad,4,2
MetaScrapper,https://github.com/hojabbr/MetaScrapper,4,2
object-intruder,https://github.com/duncan3dc/object-intruder,4,2
Mysql-php-Crud-Operation,https://github.com/priyankvadaliya/Mysql-php-Crud-Operation,4,2
container,https://github.com/gravataLonga/container,4,2
xml-builder-php,https://github.com/lib16/xml-builder-php,4,2
php-file-sync,https://github.com/DivineOmega/php-file-sync,4,2
SD_Project,https://github.com/ekramasif/SD_Project,4,1
pasm,https://github.com/wise-penny/pasm,4,1
php-avatar-generator,https://github.com/fabian-tomischka/php-avatar-generator,4,1
mercadolibre,https://github.com/docta/mercadolibre,4,1
array-validation,https://github.com/diogocavilha/array-validation,4,1
JungiThemeBundle,https://github.com/piku235/JungiThemeBundle,4,1
php-core,https://github.com/stupidlysimple/php-core,4,1
agency-iha,https://github.com/bilginpro/agency-iha,4,1
phpdl,https://github.com/TheFox/phpdl,4,1
proxyz,https://github.com/rezen/proxyz,4,1
ci-wechat-dev,https://github.com/pythonsir/ci-wechat-dev,4,1
XSLT-PHP-Template-Engine,https://github.com/pH-7/XSLT-PHP-Template-Engine,4,1
querido-diario-php,https://github.com/LibreCodeCoop/querido-diario-php,4,1
BaseForMyPHPApps,https://github.com/gentildpinto/BaseForMyPHPApps,4,1
what2watch,https://github.com/Mickroz/what2watch,4,1
Kit-ClassLoader,https://github.com/Riimu/Kit-ClassLoader,4,1
Note,https://github.com/bramkorsten/Note,4,1
ICTMAIL-Web-Mail-App-Client,https://github.com/ryfan/ICTMAIL-Web-Mail-App-Client,3,11
signup-loginform,https://github.com/rishitsondhi/signup-loginform,3,11
bitcoinconsensus-php,https://github.com/Bit-Wasp/bitcoinconsensus-php,3,7
payum-mypay,https://github.com/recca0120/payum-mypay,3,6
docker-surf,https://github.com/t3easy/docker-surf,3,5
gotowebinar,https://github.com/flipminds/gotowebinar,3,4
php-training-outline,https://github.com/lifetimetech/php-training-outline,3,4
Dava-Takip-Sistemi,https://github.com/Nrkozan/Dava-Takip-Sistemi,3,4
php-klanten-vertellen-api,https://github.com/kingscode/php-klanten-vertellen-api,3,4
Converter-Tool-PHP-And-MYSQL,https://github.com/panduan-code/Converter-Tool-PHP-And-MYSQL,3,4
magic3,https://github.com/magic3org/magic3,3,4
FileManager,https://github.com/YehudaEi/FileManager,3,3
ssh2bundle,https://github.com/steevanb/ssh2bundle,3,3
WP-exec-PHP,https://github.com/tmthrgd/WP-exec-PHP,3,2
laravel-airtable,https://github.com/lee-to/laravel-airtable,3,2
Slim3-Boilerplate,https://github.com/juliandavidmr/Slim3-Boilerplate,3,2
sales-management-app,https://github.com/arifulhaqueuc/sales-management-app,3,2
swoole-for-five-in-a-row,https://github.com/Lidisam/swoole-for-five-in-a-row,3,2
promo-coffee-cup,https://github.com/in2it/promo-coffee-cup,3,2
setlistfm,https://github.com/nucleos/setlistfm,3,2
ptt_generate_barcode,https://github.com/falconsw/ptt_generate_barcode,3,2
Manga-Reader,https://github.com/wallaceosmar/Manga-Reader,3,1
dotenv,https://github.com/linna/dotenv,3,1
laravel-decimal,https://github.com/roboticsexpert/laravel-decimal,3,1
bake,https://github.com/mixerapi/bake,3,1
php_extension_backdoor,https://github.com/imagemlt/php_extension_backdoor,3,1
sandbox,https://github.com/baraja-core/sandbox,3,1
php-battlerite,https://github.com/guastallaigor/php-battlerite,3,1
Front-SalEvent,https://github.com/marnium/Front-SalEvent,3,1
jabe,https://github.com/bingo-soft/jabe,3,1
array-map-keys,https://github.com/danielsdeboer/array-map-keys,3,1
typetote,https://github.com/digitalconfection/typetote,3,1
ravenmail-webui,https://github.com/scriptkitties/ravenmail-webui,3,1
bbbadmin,https://github.com/unattended-ch/bbbadmin,3,1
phuzzy,https://github.com/techarealab/phuzzy,3,1
php-directory-explorer,https://github.com/ilias-sp/php-directory-explorer,3,1
SkyLight-Website-Editor,https://github.com/RobinBoers/SkyLight-Website-Editor,3,1
hybris,https://github.com/naive17/hybris,3,1
POO-avec-PHP,https://github.com/rosairekota/POO-avec-PHP,3,1
emaildirect,https://github.com/maxlapko/emaildirect,3,1
fleet,https://github.com/mattmezza/fleet,3,1
AEAT,https://github.com/fawno/AEAT,3,1
titania,https://github.com/allocine/titania,3,1
PHP-Guestbook,https://github.com/fredrikj31/PHP-Guestbook,3,1
sdk-php,https://github.com/pact-im/sdk-php,2,4
PhpToTypescript,https://github.com/dking3876/PhpToTypescript,2,3
pH7Framework,https://github.com/pH7Software/pH7Framework,2,3
php-mypdoms,https://github.com/DoctorMcKay/php-mypdoms,2,3
api-client,https://github.com/mangati/api-client,2,3
docker-php,https://github.com/nurettintopal/docker-php,2,3
Airline-Management,https://github.com/gvsankirtana/Airline-Management,2,2
Fantasy_Cricket_League_Master,https://github.com/Hardik0307/Fantasy_Cricket_League_Master,2,2
phpdock,https://github.com/lucasdc6/phpdock,2,2
Example-SimpleXML-CRUD,https://github.com/vinigomescunha/Example-SimpleXML-CRUD,2,2
php-rsa,https://github.com/LCPHP/php-rsa,2,2
Fantasy_Cricket_League_Master,https://github.com/Hardik0307/Fantasy_Cricket_League_Master,2,2
PSNApi,https://github.com/hawkiq/PSNApi,2,2
onlinesim-php-api,https://github.com/s00d/onlinesim-php-api,2,2
ejemplos-pdf-php,https://github.com/parzibyte/ejemplos-pdf-php,2,2
osuid,https://github.com/osu-translate-zh/osuid,2,2
php-us-tax-rates,https://github.com/salernolabs/php-us-tax-rates,2,2
dsbmobile-php-api,https://github.com/irgendwr/dsbmobile-php-api,2,1
php-shop-logistics.ru-api,https://github.com/gennadyx/php-shop-logistics.ru-api,2,1
student-list,https://github.com/foobar1643/student-list,2,1
onesignal-php,https://github.com/mskian/onesignal-php,2,1
reaction,https://github.com/Aaronmacaron/reaction,2,1
flexibee-history,https://github.com/VitexSoftware/flexibee-history,2,1
Rad,https://github.com/guillaumemonet/Rad,2,1
emarsys-php-client,https://github.com/ck-developer/emarsys-php-client,2,1
php-meteociel-web-scraper,https://github.com/fxmauricard/php-meteociel-web-scraper,2,1
SiBuKer,https://github.com/khisan/SiBuKer,2,1
canDoIt,https://github.com/m-peko/canDoIt,2,1
Prim,https://github.com/Jarzon/Prim,2,1
clms,https://github.com/funtodaramola/clms,2,1
HTAdmin,https://github.com/hdogan/HTAdmin,2,1
URLS,https://github.com/urls-framework/URLS,2,1
my_store,https://github.com/anryzhang/my_store,2,1
SMS-BOMBER-TRI,https://github.com/kyo1337/SMS-BOMBER-TRI,2,1
apache-php,https://github.com/visionappscz/apache-php,2,1
Financial-Grant-Management-System,https://github.com/deepshig/Financial-Grant-Management-System,1,4
demo-php,https://github.com/deepsourcelabs/demo-php,1,4
AdWords-API-without-library,https://github.com/onizuka8/AdWords-API-without-library,1,3
HUAWEI_PUSH_PHP_SERVER_DEMO,https://github.com/hilision/HUAWEI_PUSH_PHP_SERVER_DEMO,1,2
psr-log-newrelic,https://github.com/subjective-php/psr-log-newrelic,1,2
SmallChat,https://github.com/LaravelChen/SmallChat,1,2
custom_page_prestashop,https://github.com/jatniel/custom_page_prestashop,1,1
datakeeper,https://github.com/ashishdoneriya/datakeeper,1,1
NinjaVanTrackingAPI,https://github.com/mhsaufi/NinjaVanTrackingAPI,1,1
CodeIgniter-3-BaseUrl-Fix,https://github.com/aarongarciah/CodeIgniter-3-BaseUrl-Fix,1,1
PHP-Project-,https://github.com/Rafin31/PHP-Project-,1,1
php-composor,https://github.com/jameslongyoung/php-composor,1,1
im-bundle,https://github.com/leapt/im-bundle,1,1
sql-web-manager,https://github.com/pleets/sql-web-manager,1,1
php-cs-fixer-config,https://github.com/xmarcos/php-cs-fixer-config,1,1
php-file-finder,https://github.com/Mehrdad-Dadkhah/php-file-finder,1,1
JString,https://github.com/r0ck3r/JString,1,1
Search-engine-in-PHP-and-MySql,https://github.com/abhaysingh1998/Search-engine-in-PHP-and-MySql,1,1
Simple-PHP-Login-Form,https://github.com/Alfrick/Simple-PHP-Login-Form,1,1
